Country,Region_Grid,Publisher,Data_Vintage,Method,2024,2023,2022,2021,2020,2019,2018,2017,2016,2015,2014,2013,2012,2011,2010,2009,2008,2007,2006,2005,Applicability_Wind_Solar,Applicability_Other,Crediting_Period_1,Crediting_Period_2,Crediting_Period_3,Notes,Sources,URLs
Cambodia,Nationwide,Government,NA,OM,NA,NA,NA,NA,NA,NA,NA,NA,NA,NA,NA,NA,0.2339,NA,NA,NA,NA,NA,NA,NA,NA,NA,NA,NA,NA,NA,"Institute for Global Environmental Strategies and National Council for Sustainable Development, Cambodia (2016)","Grid Emission Factors in Cambodia (Updated March 2016)                                                                                              https://iges.or.jp/en/pub/grid-emission-factors-cambodia-2010-2012

Ministry of Environment Cambodia (2011)
http://www.camclimate.org.kh/index.php?page=searchdocument&docid=b53"
Cambodia,Nationwide,NA,NA,BM,NA,NA,NA,NA,NA,NA,NA,NA,NA,NA,NA,NA,0.53380000000000005,NA,NA,NA,NA,NA,NA,NA,NA,NA,NA,NA,NA,NA,NA,NA
Cambodia,Kampot-Sihanouk,NA,NA,OM,NA,NA,NA,NA,NA,NA,NA,NA,NA,NA,NA,NA,0.5907,NA,NA,NA,NA,NA,NA,NA,NA,NA,NA,NA,NA,NA,NA,NA
Cambodia,Kampot-Sihanouk,NA,NA,BM,NA,NA,NA,NA,NA,NA,NA,NA,NA,NA,NA,NA,0.69420000000000004,NA,NA,NA,NA,NA,NA,NA,NA,NA,NA,NA,NA,NA,NA,NA
Cambodia,Kampong Cham,NA,NA,OM,NA,NA,NA,NA,NA,NA,NA,NA,NA,NA,NA,NA,0.72389999999999999,NA,NA,NA,NA,NA,NA,NA,NA,NA,NA,NA,NA,NA,NA,NA
Cambodia,Phnom Penh,NA,NA,OM,NA,NA,NA,NA,NA,NA,NA,NA,NA,NA,NA,NA,NA,NA,NA,0.62570000000000003,NA,NA,NA,NA,NA,NA,NA,NA,NA,NA,NA,NA
Cambodia,Phnom Penh,NA,NA,BM,NA,NA,NA,NA,NA,NA,NA,NA,NA,NA,NA,NA,NA,NA,NA,0.68779999999999997,NA,NA,NA,NA,NA,NA,NA,NA,NA,NA,NA,NA
Cambodia,Phnom Penh,NA,NA,CM,NA,NA,NA,NA,NA,NA,NA,NA,NA,NA,NA,NA,NA,NA,NA,0.64129999999999998,NA,NA,NA,NA,y,n,y,y,y,NA,NA,NA
Cambodia,Phnom Penh,NA,NA,NA,NA,NA,NA,NA,NA,NA,NA,NA,NA,NA,NA,NA,NA,NA,NA,0.65680000000000005,NA,NA,NA,NA,n,y,y,n,n,NA,NA,NA
Cambodia,Phnom Penh,NA,NA,NA,NA,NA,NA,NA,NA,NA,NA,NA,NA,NA,NA,NA,NA,NA,NA,0.67230000000000001,NA,NA,NA,NA,n,y,n,y,y,NA,NA,NA
Indonesia,Jamali (Jawa-Madura-Bali),Government,Ex-ante,NA,NA,NA,NA,NA,NA,"Indonesia
2019","Indonesia
2018","Indonesia
2017",0.86199999999999999,0.89300000000000002,0.84,NA,0.81399999999999995,0.77,0.741,0.72499999999999998,NA,NA,0.89100000000000001,NA,NA,NA,NA,NA,NA,"2014 data for ""Sulsebar"" was taken from ""Sulselrabar"" (South, Southeast, and West Sulawesi) since separate data for Southeast Sulawesi are available.

","Directorate General of Electricity, Ministry of Energy and Mineral Resources, Indonesia","https://gatrik.esdm.go.id/frontend/download_index/?kode_category=emisi_pl
2019 data:
https://gatrik.esdm.go.id/assets/uploads/download_index/files/96d7c-nilai-fe-grk-sistem-ketenagalistrikan-tahun-2019.pdf
2018 data: 
https://gatrik.esdm.go.id/assets/uploads/download_index/files/acb83-nilai-faktor-emisi-grk-sistem-ketenagalistrikan-2018_new.pdf

Directorate General of Electricity, Ministry of Energy and Mineral Resources, Indonesia
http://jcm.ekon.go.id/en/index.php/content/Mzg%253D/emission_factor

2017 data: https://gatrik.esdm.go.id/assets/uploads/download_index/files/8beca-emisi-grk-tahun-2017.pdf"
Indonesia,Jamali (Jawa-Madura-Bali),NA,Ex-post,NA,NA,NA,NA,NA,NA,NA,NA,NA,0.877,0.90300000000000002,0.84,NA,0.82299999999999995,0.77800000000000002,0.73,0.71299999999999997,0.80400000000000005,0.851,NA,NA,NA,NA,NA,NA,NA,NA,NA,NA
Indonesia,Sumatera,NA,Ex-ante,NA,NA,NA,NA,NA,NA,NA,NA,NA,0.81599999999999995,0.80500000000000005,0.78200000000000003,NA,0.68600000000000005,0.71699999999999997,0.748,0.70799999999999996,NA,0.743,NA,NA,NA,NA,NA,NA,NA,NA,NA,NA
Indonesia,Sumatera,NA,Ex-post,NA,NA,NA,NA,NA,NA,NA,NA,NA,0.83199999999999996,0.85499999999999998,0.79400000000000004,NA,0.68700000000000006,0.72399999999999998,0.749,0.71699999999999997,0.57699999999999996,0.539,NA,NA,NA,NA,NA,NA,NA,NA,NA,NA
Indonesia,Batam - Bintan,NA,Ex-ante,NA,NA,NA,NA,NA,NA,NA,NA,NA,N/A,0.93600000000000005,0.96199999999999997,NA,0.48499999999999999,0.80600000000000005,0.568,NA,NA,NA,NA,NA,NA,NA,NA,NA,NA,NA,NA,NA
Indonesia,Batam - Bintan,NA,Ex-post,NA,NA,NA,NA,NA,NA,NA,NA,NA,0.91100000000000003,0.95299999999999996,0.97499999999999998,NA,0.47299999999999998,0.83899999999999997,0.549,0.625,0.625,NA,NA,NA,NA,NA,NA,NA,NA,NA,NA,NA
Indonesia,Tanjung Pinang,NA,Ex-ante,NA,NA,NA,NA,NA,NA,NA,NA,NA,NA,0.84099999999999997,1.006,NA,NA,NA,NA,NA,NA,NA,NA,NA,NA,NA,NA,NA,NA,NA,NA,NA
Indonesia,Tanjung Pinang,NA,Ex-post,NA,NA,NA,NA,NA,NA,NA,NA,NA,NA,0.80500000000000005,1.03,NA,NA,NA,NA,NA,NA,NA,NA,NA,NA,NA,NA,NA,NA,NA,NA,NA
Indonesia,Tanjung Balai Karimun,NA,Ex-ante,NA,NA,NA,NA,NA,NA,NA,NA,NA,N/A,N/A,NA,NA,NA,NA,NA,NA,NA,NA,NA,NA,NA,NA,NA,NA,NA,NA,NA,NA
Indonesia,Tanjung Balai Karimun,NA,Ex-post,NA,NA,NA,NA,NA,NA,NA,NA,NA,0.90800000000000003,1.0920000000000001,NA,NA,NA,NA,NA,NA,NA,NA,NA,NA,NA,NA,NA,NA,NA,NA,NA,NA
Indonesia,Tanjung Batu,NA,Ex-ante,NA,NA,NA,NA,NA,NA,NA,NA,NA,N/A,N/A,NA,NA,NA,NA,NA,NA,NA,NA,NA,NA,NA,NA,NA,NA,NA,NA,NA,NA
Indonesia,Tanjung Batu,NA,Ex-post,NA,NA,NA,NA,NA,NA,NA,NA,NA,0.747,0.73399999999999999,NA,NA,NA,NA,NA,NA,NA,NA,NA,NA,NA,NA,NA,NA,NA,NA,NA,NA
Indonesia,Kelong,NA,Ex-ante,NA,NA,NA,NA,NA,NA,NA,NA,NA,N/A,N/A,NA,NA,NA,NA,NA,NA,NA,NA,NA,NA,NA,NA,NA,NA,NA,NA,NA,NA
Indonesia,Kelong,NA,Ex-post,NA,NA,NA,NA,NA,NA,NA,NA,NA,0.89900000000000002,0.94599999999999995,NA,NA,NA,NA,NA,NA,NA,NA,NA,NA,NA,NA,NA,NA,NA,NA,NA,NA
Indonesia,Ladan,NA,Ex-ante,NA,NA,NA,NA,NA,NA,NA,NA,NA,N/A,N/A,NA,NA,NA,NA,NA,NA,NA,NA,NA,NA,NA,NA,NA,NA,NA,NA,NA,NA
Indonesia,Ladan,NA,Ex-post,NA,NA,NA,NA,NA,NA,NA,NA,NA,0.90800000000000003,0.82,NA,NA,NA,NA,NA,NA,NA,NA,NA,NA,NA,NA,NA,NA,NA,NA,NA,NA
Indonesia,Letung,NA,Ex-ante,NA,NA,NA,NA,NA,NA,NA,NA,NA,NA,N/A,NA,NA,NA,NA,NA,NA,NA,NA,NA,NA,NA,NA,NA,NA,NA,NA,NA,NA
Indonesia,Letung,NA,Ex-post,NA,NA,NA,NA,NA,NA,NA,NA,NA,NA,0.77,NA,NA,NA,NA,NA,NA,NA,NA,NA,NA,NA,NA,NA,NA,NA,NA,NA,NA
Indonesia,Midai,NA,Ex-ante,NA,NA,NA,NA,NA,NA,NA,NA,NA,N/A,N/A,NA,NA,NA,NA,NA,NA,NA,NA,NA,NA,NA,NA,NA,NA,NA,NA,NA,NA
Indonesia,Midai,NA,Ex-post,NA,NA,NA,NA,NA,NA,NA,NA,NA,0.83399999999999996,0.77100000000000002,NA,NA,NA,NA,NA,NA,NA,NA,NA,NA,NA,NA,NA,NA,NA,NA,NA,NA
Indonesia,P Buru,NA,Ex-ante,NA,NA,NA,NA,NA,NA,NA,NA,NA,N/A,N/A,NA,NA,NA,NA,NA,NA,NA,NA,NA,NA,NA,NA,NA,NA,NA,NA,NA,NA
Indonesia,P Buru,NA,Ex-post,NA,NA,NA,NA,NA,NA,NA,NA,NA,0.73199999999999998,0.98799999999999999,NA,NA,NA,NA,NA,NA,NA,NA,NA,NA,NA,NA,NA,NA,NA,NA,NA,NA
Indonesia,Ranai,NA,Ex-ante,NA,NA,NA,NA,NA,NA,NA,NA,NA,N/A,N/A,NA,NA,NA,NA,NA,NA,NA,NA,NA,NA,NA,NA,NA,NA,NA,NA,NA,NA
Indonesia,Ranai,NA,Ex-post,NA,NA,NA,NA,NA,NA,NA,NA,NA,0.68700000000000006,0.71799999999999997,NA,NA,NA,NA,NA,NA,NA,NA,NA,NA,NA,NA,NA,NA,NA,NA,NA,NA
Indonesia,Sedanau,NA,Ex-ante,NA,NA,NA,NA,NA,NA,NA,NA,NA,N/A,N/A,NA,NA,NA,NA,NA,NA,NA,NA,NA,NA,NA,NA,NA,NA,NA,NA,NA,NA
Indonesia,Sedanau,NA,Ex-post,NA,NA,NA,NA,NA,NA,NA,NA,NA,0.77300000000000002,0.81100000000000005,NA,NA,NA,NA,NA,NA,NA,NA,NA,NA,NA,NA,NA,NA,NA,NA,NA,NA
Indonesia,Serasan,NA,Ex-ante,NA,NA,NA,NA,NA,NA,NA,NA,NA,NA,N/A,NA,NA,NA,NA,NA,NA,NA,NA,NA,NA,NA,NA,NA,NA,NA,NA,NA,NA
Indonesia,Serasan,NA,Ex-post,NA,NA,NA,NA,NA,NA,NA,NA,NA,NA,0.74299999999999999,NA,NA,NA,NA,NA,NA,NA,NA,NA,NA,NA,NA,NA,NA,NA,NA,NA,NA
Indonesia,Tarempa,NA,Ex-ante,NA,NA,NA,NA,NA,NA,NA,NA,NA,N/A,N/A,NA,NA,NA,NA,NA,NA,NA,NA,NA,NA,NA,NA,NA,NA,NA,NA,NA,NA
Indonesia,Tarempa,NA,Ex-post,NA,NA,NA,NA,NA,NA,NA,NA,NA,0.746,0.73499999999999999,NA,NA,NA,NA,NA,NA,NA,NA,NA,NA,NA,NA,NA,NA,NA,NA,NA,NA
Indonesia,Bangka,NA,Ex-ante,NA,NA,NA,NA,NA,NA,NA,NA,NA,N/A,N/A,NA,NA,NA,NA,NA,NA,NA,NA,NA,NA,NA,NA,NA,NA,NA,NA,NA,NA
Indonesia,Bangka,NA,Ex-post,NA,NA,NA,NA,NA,NA,NA,NA,NA,0.79300000000000004,0.80700000000000005,NA,NA,NA,NA,NA,NA,NA,NA,NA,NA,NA,NA,NA,NA,NA,NA,NA,NA
Indonesia,Belitung,NA,Ex-ante,NA,NA,NA,NA,NA,NA,NA,NA,NA,N/A,N/A,NA,NA,NA,NA,NA,NA,NA,NA,NA,NA,NA,NA,NA,NA,NA,NA,NA,NA
Indonesia,Belitung,NA,Ex-post,NA,NA,NA,NA,NA,NA,NA,NA,NA,1.171,0.73299999999999998,NA,NA,NA,NA,NA,NA,NA,NA,NA,NA,NA,NA,NA,NA,NA,NA,NA,NA
Indonesia,S Nasik,NA,Ex-ante,NA,NA,NA,NA,NA,NA,NA,NA,NA,N/A,N/A,NA,NA,NA,NA,NA,NA,NA,NA,NA,NA,NA,NA,NA,NA,NA,NA,NA,NA
Indonesia,S Nasik,NA,Ex-post,NA,NA,NA,NA,NA,NA,NA,NA,NA,0.749,0.8,NA,NA,NA,NA,NA,NA,NA,NA,NA,NA,NA,NA,NA,NA,NA,NA,NA,NA
Indonesia,Seliu,NA,Ex-ante,NA,NA,NA,NA,NA,NA,NA,NA,NA,N/A,N/A,NA,NA,NA,NA,NA,NA,NA,NA,NA,NA,NA,NA,NA,NA,NA,NA,NA,NA
Indonesia,Seliu,NA,Ex-post,NA,NA,NA,NA,NA,NA,NA,NA,NA,0.88300000000000001,1.077,NA,NA,NA,NA,NA,NA,NA,NA,NA,NA,NA,NA,NA,NA,NA,NA,NA,NA
Indonesia,Khatulistiwa,NA,Ex-ante,NA,NA,NA,NA,NA,NA,NA,NA,NA,0.39200000000000002,0.748,0.76500000000000001,NA,0.73,0.73,0.748,0.75900000000000001,0.77500000000000002,NA,NA,NA,NA,NA,NA,NA,NA,NA,NA,NA
Indonesia,Khatulistiwa,NA,Ex-post,NA,NA,NA,NA,NA,NA,NA,NA,NA,0.308,0.72099999999999997,0.77300000000000002,NA,0.73199999999999998,0.72599999999999998,0.733,0.73799999999999999,0.78600000000000003,NA,NA,NA,NA,NA,NA,NA,NA,NA,NA,NA
Indonesia,Barito,NA,Ex-ante,NA,NA,NA,NA,NA,NA,NA,NA,NA,1.4339999999999999,1.4139999999999999,1.22,NA,0.9,0.91200000000000003,1.003,1.2869999999999999,1.2729999999999999,NA,NA,NA,NA,NA,NA,NA,NA,NA,NA,NA
Indonesia,Barito,NA,Ex-post,NA,NA,NA,NA,NA,NA,NA,NA,NA,1.4870000000000001,1.512,1.163,NA,0.9,0.88800000000000001,0.96,1.345,NA,NA,1.28,NA,NA,NA,NA,NA,NA,NA,NA,NA
Indonesia,Mahakam,NA,Ex-ante,NA,NA,NA,NA,NA,NA,NA,NA,NA,0.96599999999999997,0.92700000000000005,1.2529999999999999,NA,1.03,0.93,0.82,1.131,NA,NA,0.74199999999999999,NA,NA,NA,NA,NA,NA,NA,NA,NA
Indonesia,Mahakam,NA,Ex-post,NA,NA,NA,NA,NA,NA,NA,NA,NA,1.1279999999999999,0.76,1.2549999999999999,NA,1.069,0.95899999999999996,0.861,1.2,NA,NA,0.71499999999999997,NA,NA,NA,NA,NA,NA,NA,NA,NA
Indonesia,Tarakan,NA,Ex-ante,NA,NA,NA,NA,NA,NA,NA,NA,NA,0.60699999999999998,0.623,NA,NA,NA,NA,NA,NA,NA,NA,NA,NA,NA,NA,NA,NA,NA,NA,NA,NA
Indonesia,Tarakan,NA,Ex-post,NA,NA,NA,NA,NA,NA,NA,NA,NA,0.60799999999999998,0.625,NA,NA,NA,NA,NA,NA,NA,NA,NA,NA,NA,NA,NA,NA,NA,NA,NA,NA
Indonesia,Sulutgo,NA,Ex-ante,NA,NA,NA,NA,NA,NA,NA,NA,NA,0.628,0.624,NA,NA,NA,NA,NA,NA,NA,NA,NA,NA,NA,NA,NA,NA,NA,NA,NA,NA
Indonesia,Sulutgo,NA,Ex-post,NA,NA,NA,NA,NA,NA,NA,NA,NA,0.7,0.71499999999999997,NA,NA,NA,NA,NA,NA,NA,NA,NA,NA,NA,NA,NA,NA,NA,NA,NA,NA
Indonesia,Minahasa-Kotamobagu,NA,Ex-ante,NA,NA,NA,NA,NA,NA,NA,NA,NA,NA,NA,NA,NA,0.53200000000000003,0.46500000000000002,0.319,0.376,NA,NA,NA,NA,NA,NA,NA,NA,NA,NA,NA,NA
Indonesia,Minahasa-Kotamobagu,NA,Ex-post,NA,NA,NA,NA,NA,NA,NA,NA,NA,NA,NA,NA,NA,0.6,0.48,0.332,0.378,NA,NA,NA,NA,NA,NA,NA,NA,NA,NA,NA,NA
Indonesia,"South, West and Southeast Sulawesi",NA,Ex-ante,NA,NA,NA,NA,NA,NA,NA,NA,NA,NA,NA,NA,NA,NA,NA,NA,NA,NA,NA,0.26900000000000002,NA,NA,NA,NA,NA,NA,NA,NA,NA
Indonesia,"South, West and Southeast Sulawesi",NA,Ex-post,NA,NA,NA,NA,NA,NA,NA,NA,NA,NA,NA,NA,NA,NA,NA,NA,NA,NA,NA,0.26700000000000002,NA,NA,NA,NA,NA,NA,NA,NA,NA
Indonesia,Sulselbar,NA,Ex-ante,NA,NA,NA,NA,NA,NA,NA,NA,NA,0.71599999999999997,NA,0.66,NA,0.71,0.38800000000000001,0.601,0.36,NA,NA,NA,NA,NA,NA,NA,NA,NA,NA,NA,NA
Indonesia,Sulselbar,NA,Ex-post,NA,NA,NA,NA,NA,NA,NA,NA,NA,0.72299999999999998,NA,0.66700000000000004,NA,0.746,0.36399999999999999,0.605,0.39700000000000002,NA,NA,NA,NA,NA,NA,NA,NA,NA,NA,NA,NA
Indonesia,Sulbangteng,NA,Ex-ante,NA,NA,NA,NA,NA,NA,NA,NA,NA,1.306,NA,NA,NA,NA,NA,NA,NA,NA,NA,NA,NA,NA,NA,NA,NA,NA,NA,NA,NA
Indonesia,Sulbangteng,NA,Ex-post,NA,NA,NA,NA,NA,NA,NA,NA,NA,1.37,NA,NA,NA,NA,NA,NA,NA,NA,NA,NA,NA,NA,NA,NA,NA,NA,NA,NA,NA
Indonesia,Kendari,NA,Ex-ante,NA,NA,NA,NA,NA,NA,NA,NA,NA,0.80600000000000005,NA,N/A,NA,NA,NA,NA,NA,NA,NA,NA,NA,NA,NA,NA,NA,NA,NA,NA,NA
Indonesia,Kendari,NA,Ex-post,NA,NA,NA,NA,NA,NA,NA,NA,NA,0.84199999999999997,NA,0.85,NA,NA,NA,NA,NA,NA,NA,NA,NA,NA,NA,NA,NA,NA,NA,NA,NA
Indonesia,Bau Bau,NA,Ex-ante,NA,NA,NA,NA,NA,NA,NA,NA,NA,1.627,NA,N/A,NA,NA,NA,NA,NA,NA,NA,NA,NA,NA,NA,NA,NA,NA,NA,NA,NA
Indonesia,Bau Bau,NA,Ex-post,NA,NA,NA,NA,NA,NA,NA,NA,NA,1.9770000000000001,NA,0.69599999999999995,NA,NA,NA,NA,NA,NA,NA,NA,NA,NA,NA,NA,NA,NA,NA,NA,NA
Indonesia,Kolaka,NA,Ex-ante,NA,NA,NA,NA,NA,NA,NA,NA,NA,0.72,NA,N/A,NA,NA,NA,NA,NA,NA,NA,NA,NA,NA,NA,NA,NA,NA,NA,NA,NA
Indonesia,Kolaka,NA,Ex-post,NA,NA,NA,NA,NA,NA,NA,NA,NA,0.70799999999999996,NA,0.71199999999999997,NA,NA,NA,NA,NA,NA,NA,NA,NA,NA,NA,NA,NA,NA,NA,NA,NA
Indonesia,Lambuya,NA,Ex-ante,NA,NA,NA,NA,NA,NA,NA,NA,NA,0.624,NA,N/A,NA,NA,NA,NA,NA,NA,NA,NA,NA,NA,NA,NA,NA,NA,NA,NA,NA
Indonesia,Lambuya,NA,Ex-post,NA,NA,NA,NA,NA,NA,NA,NA,NA,0.70799999999999996,NA,0.72699999999999998,NA,NA,NA,NA,NA,NA,NA,NA,NA,NA,NA,NA,NA,NA,NA,NA,NA
Indonesia,Wangi Wangi,NA,Ex-ante,NA,NA,NA,NA,NA,NA,NA,NA,NA,0.67800000000000005,NA,N/A,NA,NA,NA,NA,NA,NA,NA,NA,NA,NA,NA,NA,NA,NA,NA,NA,NA
Indonesia,Wangi Wangi,NA,Ex-post,NA,NA,NA,NA,NA,NA,NA,NA,NA,0.63500000000000001,NA,0.73,NA,NA,NA,NA,NA,NA,NA,NA,NA,NA,NA,NA,NA,NA,NA,NA,NA
Indonesia,Raha,NA,Ex-ante,NA,NA,NA,NA,NA,NA,NA,NA,NA,0.67700000000000005,NA,N/A,NA,NA,NA,NA,NA,NA,NA,NA,NA,NA,NA,NA,NA,NA,NA,NA,NA
Indonesia,Raha,NA,Ex-post,NA,NA,NA,NA,NA,NA,NA,NA,NA,0.58899999999999997,NA,0.72099999999999997,NA,NA,NA,NA,NA,NA,NA,NA,NA,NA,NA,NA,NA,NA,NA,NA,NA
Indonesia,Sulutenggo,NA,Ex-ante,NA,NA,NA,NA,NA,NA,NA,NA,NA,NA,NA,0.89100000000000001,NA,NA,NA,NA,NA,NA,NA,0.161,NA,NA,NA,NA,NA,NA,NA,NA,NA
Indonesia,Sulutenggo,NA,Ex-post,NA,NA,NA,NA,NA,NA,NA,NA,NA,NA,NA,0.88600000000000001,NA,NA,NA,NA,NA,NA,NA,0.121,NA,NA,NA,NA,NA,NA,NA,NA,NA
Indonesia,Palu Parigi,NA,Ex-ante,NA,NA,NA,NA,NA,NA,NA,NA,NA,NA,NA,NA,NA,NA,NA,NA,NA,NA,NA,NA,NA,NA,NA,NA,NA,NA,NA,NA,NA
Indonesia,Palu Parigi,NA,Ex-post,NA,NA,NA,NA,NA,NA,NA,NA,NA,NA,NA,NA,NA,NA,NA,NA,NA,NA,NA,NA,NA,NA,NA,NA,NA,NA,NA,NA,NA
Indonesia,Lombok,NA,Ex-ante,NA,NA,NA,NA,NA,NA,NA,NA,NA,0.8,NA,0.82499999999999996,NA,NA,NA,NA,NA,NA,NA,NA,NA,NA,NA,NA,NA,NA,NA,NA,NA
Indonesia,Lombok,NA,Ex-post,NA,NA,NA,NA,NA,NA,NA,NA,NA,0.84299999999999997,NA,0.81,NA,NA,NA,NA,NA,NA,NA,NA,NA,NA,NA,NA,NA,NA,NA,NA,NA
Indonesia,Bima,NA,Ex-ante,NA,NA,NA,NA,NA,NA,NA,NA,NA,0.70799999999999996,NA,0.628,NA,NA,NA,NA,NA,NA,NA,NA,NA,NA,NA,NA,NA,NA,NA,NA,NA
Indonesia,Bima,NA,Ex-post,NA,NA,NA,NA,NA,NA,NA,NA,NA,0.72099999999999997,NA,0.59199999999999997,NA,NA,NA,NA,NA,NA,NA,NA,NA,NA,NA,NA,NA,NA,NA,NA,NA
Indonesia,Sumbawa,NA,Ex-ante,NA,NA,NA,NA,NA,NA,NA,NA,NA,0.68500000000000005,NA,0.64400000000000002,NA,NA,NA,NA,NA,NA,NA,NA,NA,NA,NA,NA,NA,NA,NA,NA,NA
Indonesia,Sumbawa,NA,Ex-post,NA,NA,NA,NA,NA,NA,NA,NA,NA,0.71599999999999997,NA,0.64400000000000002,NA,NA,NA,NA,NA,NA,NA,NA,NA,NA,NA,NA,NA,NA,NA,NA,NA
Indonesia,Kupang,NA,Ex-ante,NA,NA,NA,NA,NA,NA,NA,NA,NA,0.69,NA,0.84699999999999998,NA,NA,NA,NA,NA,NA,NA,NA,NA,NA,NA,NA,NA,NA,NA,NA,NA
Indonesia,Kupang,NA,Ex-post,NA,NA,NA,NA,NA,NA,NA,NA,NA,0.72299999999999998,NA,0.876,NA,NA,NA,NA,NA,NA,NA,NA,NA,NA,NA,NA,NA,NA,NA,NA,NA
Indonesia,Ende,NA,Ex-ante,NA,NA,NA,NA,NA,NA,NA,NA,NA,1.3540000000000001,NA,0.76300000000000001,NA,NA,NA,NA,NA,NA,NA,NA,NA,NA,NA,NA,NA,NA,NA,NA,NA
Indonesia,Ende,NA,Ex-post,NA,NA,NA,NA,NA,NA,NA,NA,NA,1.6419999999999999,NA,0.77800000000000002,NA,NA,NA,NA,NA,NA,NA,NA,NA,NA,NA,NA,NA,NA,NA,NA,NA
Indonesia,Maumere,NA,Ex-ante,NA,NA,NA,NA,NA,NA,NA,NA,NA,0.74399999999999999,NA,0.65400000000000003,NA,NA,NA,NA,NA,NA,NA,NA,NA,NA,NA,NA,NA,NA,NA,NA,NA
Indonesia,Maumere,NA,Ex-post,NA,NA,NA,NA,NA,NA,NA,NA,NA,0.86499999999999999,NA,0.626,NA,NA,NA,NA,NA,NA,NA,NA,NA,NA,NA,NA,NA,NA,NA,NA,NA
Indonesia,Waingapu,NA,Ex-ante,NA,NA,NA,NA,NA,NA,NA,NA,NA,0.73099999999999998,NA,0.82,NA,NA,NA,NA,NA,NA,NA,NA,NA,NA,NA,NA,NA,NA,NA,NA,NA
Indonesia,Waingapu,NA,Ex-post,NA,NA,NA,NA,NA,NA,NA,NA,NA,0.69199999999999995,NA,0.86099999999999999,NA,NA,NA,NA,NA,NA,NA,NA,NA,NA,NA,NA,NA,NA,NA,NA,NA
Indonesia,Ambon,NA,Ex-ante,NA,NA,NA,NA,NA,NA,NA,NA,NA,0.79500000000000004,NA,0.753,NA,NA,NA,NA,NA,NA,NA,NA,NA,NA,NA,NA,NA,NA,NA,NA,NA
Indonesia,Ambon,NA,Ex-post,NA,NA,NA,NA,NA,NA,NA,NA,NA,0.81399999999999995,NA,0.75900000000000001,NA,NA,NA,NA,NA,NA,NA,NA,NA,NA,NA,NA,NA,NA,NA,NA,NA
Indonesia,Ternate,NA,Ex-ante,NA,NA,NA,NA,NA,NA,NA,NA,NA,NA,NA,0.76300000000000001,NA,NA,NA,NA,NA,NA,NA,NA,NA,NA,NA,NA,NA,NA,NA,NA,NA
Indonesia,Ternate,NA,Ex-post,NA,NA,NA,NA,NA,NA,NA,NA,NA,NA,NA,0.77700000000000002,NA,NA,NA,NA,NA,NA,NA,NA,NA,NA,NA,NA,NA,NA,NA,NA,NA
Indonesia,Tual,NA,Ex-ante,NA,NA,NA,NA,NA,NA,NA,NA,NA,0.84399999999999997,NA,0.74199999999999999,NA,NA,NA,NA,NA,NA,NA,NA,NA,NA,NA,NA,NA,NA,NA,NA,NA
Indonesia,Tual,NA,Ex-post,NA,NA,NA,NA,NA,NA,NA,NA,NA,0.91100000000000003,NA,0.74399999999999999,NA,NA,NA,NA,NA,NA,NA,NA,NA,NA,NA,NA,NA,NA,NA,NA,NA
Indonesia,Masohi,NA,Ex-ante,NA,NA,NA,NA,NA,NA,NA,NA,NA,NA,NA,0.73699999999999999,NA,NA,NA,NA,NA,NA,NA,NA,NA,NA,NA,NA,NA,NA,NA,NA,NA
Indonesia,Masohi,NA,Ex-post,NA,NA,NA,NA,NA,NA,NA,NA,NA,NA,NA,0.73699999999999999,NA,NA,NA,NA,NA,NA,NA,NA,NA,NA,NA,NA,NA,NA,NA,NA,NA
Indonesia,Namlea,NA,Ex-ante,NA,NA,NA,NA,NA,NA,NA,NA,NA,1.054,NA,NA,NA,NA,NA,NA,NA,NA,NA,NA,NA,NA,NA,NA,NA,NA,NA,NA,NA
Indonesia,Namlea,NA,Ex-post,NA,NA,NA,NA,NA,NA,NA,NA,NA,1.202,NA,NA,NA,NA,NA,NA,NA,NA,NA,NA,NA,NA,NA,NA,NA,NA,NA,NA,NA
Indonesia,Tobelo,NA,Ex-ante,NA,NA,NA,NA,NA,NA,NA,NA,NA,0.6,NA,NA,NA,NA,NA,NA,NA,NA,NA,NA,NA,NA,NA,NA,NA,NA,NA,NA,NA
Indonesia,Tobelo,NA,Ex-post,NA,NA,NA,NA,NA,NA,NA,NA,NA,0.53900000000000003,NA,NA,NA,NA,NA,NA,NA,NA,NA,NA,NA,NA,NA,NA,NA,NA,NA,NA,NA
Indonesia,Ternate Tidore,NA,Ex-ante,NA,NA,NA,NA,NA,NA,NA,NA,NA,0.90700000000000003,NA,NA,NA,NA,NA,NA,NA,NA,NA,NA,NA,NA,NA,NA,NA,NA,NA,NA,NA
Indonesia,Ternate Tidore,NA,Ex-post,NA,NA,NA,NA,NA,NA,NA,NA,NA,0.98,NA,NA,NA,NA,NA,NA,NA,NA,NA,NA,NA,NA,NA,NA,NA,NA,NA,NA,NA
Indonesia,Jayapura,NA,Ex-ante,NA,NA,NA,NA,NA,NA,NA,NA,NA,N/A,NA,NA,NA,NA,NA,NA,NA,NA,NA,NA,NA,NA,NA,NA,NA,NA,NA,NA,NA
Indonesia,Jayapura,NA,Ex-post,NA,NA,NA,NA,NA,NA,NA,NA,NA,0.41,NA,NA,NA,NA,NA,NA,NA,NA,NA,NA,NA,NA,NA,NA,NA,NA,NA,NA,NA
Indonesia,Timika,NA,Ex-ante,NA,NA,NA,NA,NA,NA,NA,NA,NA,N/A,NA,NA,NA,NA,NA,NA,NA,NA,NA,NA,NA,NA,NA,NA,NA,NA,NA,NA,NA
Indonesia,Timika,NA,Ex-post,NA,NA,NA,NA,NA,NA,NA,NA,NA,0.70899999999999996,NA,NA,NA,NA,NA,NA,NA,NA,NA,NA,NA,NA,NA,NA,NA,NA,NA,NA,NA
Indonesia,Merauke,NA,Ex-ante,NA,NA,NA,NA,NA,NA,NA,NA,NA,N/A,NA,NA,NA,NA,NA,NA,NA,NA,NA,NA,NA,NA,NA,NA,NA,NA,NA,NA,NA
Indonesia,Merauke,NA,Ex-post,NA,NA,NA,NA,NA,NA,NA,NA,NA,0.70499999999999996,NA,NA,NA,NA,NA,NA,NA,NA,NA,NA,NA,NA,NA,NA,NA,NA,NA,NA,NA
Indonesia,Biak,NA,Ex-ante,NA,NA,NA,NA,NA,NA,NA,NA,NA,N/A,NA,NA,NA,NA,NA,NA,NA,NA,NA,NA,NA,NA,NA,NA,NA,NA,NA,NA,NA
Indonesia,Biak,NA,Ex-post,NA,NA,NA,NA,NA,NA,NA,NA,NA,0.70099999999999996,NA,NA,NA,NA,NA,NA,NA,NA,NA,NA,NA,NA,NA,NA,NA,NA,NA,NA,NA
Indonesia,Genyem,NA,Ex-ante,NA,NA,NA,NA,NA,NA,NA,NA,NA,NA,NA,NA,NA,NA,NA,NA,NA,NA,NA,NA,NA,NA,NA,NA,NA,NA,NA,NA,NA
Indonesia,Genyem,NA,Ex-post,NA,NA,NA,NA,NA,NA,NA,NA,NA,NA,NA,NA,NA,NA,NA,NA,NA,NA,NA,NA,NA,NA,NA,NA,NA,NA,NA,NA,NA
Indonesia,Sorong,NA,Ex-ante,NA,NA,NA,NA,NA,NA,NA,NA,NA,N/A,NA,NA,NA,NA,NA,NA,NA,NA,NA,NA,NA,NA,NA,NA,NA,NA,NA,NA,NA
Indonesia,Sorong,NA,Ex-post,NA,NA,NA,NA,NA,NA,NA,NA,NA,0.77900000000000003,NA,NA,NA,NA,NA,NA,NA,NA,NA,NA,NA,NA,NA,NA,NA,NA,NA,NA,NA
Indonesia,Nabire,NA,Ex-ante,NA,NA,NA,NA,NA,NA,NA,NA,NA,N/A,NA,NA,NA,NA,NA,NA,NA,NA,NA,NA,NA,NA,NA,NA,NA,NA,NA,NA,NA
Indonesia,Nabire,NA,Ex-post,NA,NA,NA,NA,NA,NA,NA,NA,NA,0.72699999999999998,NA,NA,NA,NA,NA,NA,NA,NA,NA,NA,NA,NA,NA,NA,NA,NA,NA,NA,NA
Indonesia,Manokwari,NA,Ex-ante,NA,NA,NA,NA,NA,NA,NA,NA,NA,N/A,NA,NA,NA,NA,NA,NA,NA,NA,NA,NA,NA,NA,NA,NA,NA,NA,NA,NA,NA
Indonesia,Manokwari,NA,Ex-post,NA,NA,NA,NA,NA,NA,NA,NA,NA,0.72199999999999998,NA,NA,NA,NA,NA,NA,NA,NA,NA,NA,NA,NA,NA,NA,NA,NA,NA,NA,NA
Lao PDR,Nationwide,Government,NA,OM,NA,NA,NA,NA,NA,NA,NA,NA,NA,NA,NA,NA,NA,NA,0.5595,NA,NA,NA,NA,NA,NA,NA,NA,NA,NA,NA,"Ministry of Natural Resources and Environment, Lao PDR","Calculation for the emission factor for electricity generation in Lao PDR, 2010 (MONRE)"
Lao PDR,Nationwide,NA,NA,BM,NA,NA,NA,NA,NA,NA,NA,NA,NA,NA,NA,NA,NA,NA,0,NA,NA,NA,NA,NA,NA,NA,NA,NA,NA,NA,NA,NA
Lao PDR,Nationwide,NA,NA,CM,NA,NA,NA,NA,NA,NA,NA,NA,NA,NA,NA,NA,NA,NA,0.5595,NA,NA,NA,NA,NA,NA,NA,NA,NA,NA,NA,NA,NA
Malaysia,Malaysia,Government,NA,OM,NA,NA,NA,NA,NA,NA,NA,0.64480000000000004,NA,NA,0.65300000000000002,0.68100000000000005,0.71299999999999997,0.68899999999999995,0.657,0.626,0.60299999999999998,0.611,0.61299999999999999,0.59199999999999997,NA,NA,NA,NA,NA,"Malaysian Green Technology Corporation (GreenTech Malaysia) was  appointed as the consultant to conduct a study to update the Malaysian grid electricity energy-related carbon emission factors for 2017 by the Ministry of Energy, Science, Technology, Environment and Climate Change (MESTECC).","Malaysian Green Technology Corporation (GreenTech Malaysia), Ministry of Energy, Science, Technology, Environment & Climate Change.","2017 CDM ELECTRICITY BASELINE FOR MALAYSIA
https://www.mgtc.gov.my/wp-content/uploads/2019/12/2017-CDM-Electricity-Baseline-Final-Report-Publication-Version.pdf
Study on Grid Connected Electricity Baselines in Malaysia ; Year: 2014, 2013, 2012
http://cdm.greentechmalaysia.my/up_dir/Final%20Report_CDM_Baseline_2012v2.pdf
Study on Grid Connected Electricity Baselines in Malaysia ; Year: 2010 and 2011 (Updated on March 2013)
http://cdm.greentechmalaysia.my/up_dir/Report_CDM_Baseline_2010&2011.pdf
Study on Grid Connected Electricity Baselines in Malaysia; Year 2009 (Updated on Jan 2011)
http://cdm.greentechmalaysia.my/up_dir/CDM%20Electricity%20Baseline%202009.pdf
Study on Grid Connected Electricity Baselines in Malaysia; Year 2008 Version 2.0 (Updated on March 2010)
http://cdm.greentechmalaysia.my/up_dir/articles1016,article,1270025735,label_CDM_Baseline_2008.pdf
Study on Grid Connected Electricity Baselines in Malaysia; Year 2006 and 2007 Version 2.0 (Updated on Dec 2008)
http://cdm.greentechmalaysia.my/up_dir/articles1016,article,1233798565,CDMBaseline2006n2007.pdf
Study on Grid Connected Electricity Baselines in Malaysia; Year 2005 (Updated on Jan 2008)
http://cdm.greentechmalaysia.my/up_dir/articles1016,article,1204621745,CDMBaseline2005.pdf"
Malaysia,Malaysia,NA,NA,BM,NA,NA,NA,NA,NA,NA,NA,0.52569999999999995,NA,NA,0.73499999999999999,0.80300000000000005,0.76900000000000002,0.80400000000000005,0.864,0.748,0.74099999999999999,0.757,0.71,0.63600000000000001,NA,NA,NA,NA,NA,NA,NA,NA
Malaysia,Malaysia,NA,NA,CM,NA,NA,NA,NA,NA,NA,NA,0.58499999999999996,NA,NA,0.69399999999999995,0.74199999999999999,0.74099999999999999,0.747,0.76,0.68300000000000005,0.67200000000000004,0.684,0.66100000000000003,0.61399999999999999,NA,NA,NA,NA,NA,NA,NA,NA
Malaysia,Sarawak,NA,NA,OM,NA,NA,NA,NA,NA,NA,NA,0.9667,NA,NA,0.47199999999999998,0.61699999999999999,0.878,0.86799999999999999,0.85,0.877,0.81299999999999994,0.863,0.95899999999999996,0.96599999999999997,NA,NA,NA,NA,NA,NA,NA,NA
Malaysia,Sarawak,NA,NA,BM,NA,NA,NA,NA,NA,NA,NA,0.1179,NA,NA,0.92500000000000004,0.83099999999999996,0.86599999999999999,0.81399999999999995,0.843,0.77900000000000003,0.83699999999999997,0.882,0.89700000000000002,0.94499999999999995,NA,NA,NA,NA,NA,NA,NA,NA
Malaysia,Sarawak,NA,NA,CM,NA,NA,NA,NA,NA,NA,NA,0.33,NA,NA,0.69899999999999995,0.72399999999999998,0.872,0.84099999999999997,0.847,0.80500000000000005,0.82499999999999996,0.873,0.92800000000000005,0.96,NA,NA,NA,NA,NA,NA,NA,NA
Malaysia,Sabah,NA,NA,OM,NA,NA,NA,NA,NA,NA,NA,0.56369999999999998,NA,NA,0.56599999999999995,0.56699999999999995,0.57799999999999996,0.54700000000000004,0.591,0.623,0.70499999999999996,0.828,0.81799999999999995,0.59,NA,NA,NA,NA,NA,NA,NA,NA
Malaysia,Sabah,NA,NA,BM,NA,NA,NA,NA,NA,NA,NA,0.48670000000000002,NA,NA,0.51500000000000001,0.5,0.51400000000000001,0.51500000000000001,0.556,0.55400000000000005,0.59699999999999998,0.787,0.78300000000000003,0.9,NA,NA,NA,NA,NA,NA,NA,NA
Malaysia,Sabah,NA,NA,CM,NA,NA,NA,NA,NA,NA,NA,0.52500000000000002,NA,NA,0.53600000000000003,0.533 ,0.54600000000000004,0.53100000000000003,0.574,0.61199999999999999,0.65100000000000002,NA,NA,NA,NA,NA,NA,NA,NA,NA,NA,NA
Malaysia,West Sabah,NA,NA,NA,NA,NA,NA,NA,NA,NA,NA,NA,NA,NA,NA,NA,NA,NA,NA,NA,NA,0.807,0.80100000000000005,0.745,NA,NA,NA,NA,NA,NA,NA,NA
Malaysia,East Sabah,NA,NA,NA,NA,NA,NA,NA,NA,NA,NA,NA,NA,NA,NA,NA,NA,NA,NA,NA,NA,0.8,0.8,0.8,NA,NA,NA,NA,NA,NA,NA,NA
Philippines,Luzon-Visayas Grid,Government,NA,OM,NA,NA,NA,NA,NA,NA,NA,0.71220000000000006,NA,NA,NA,NA,NA,0.60319999999999996,NA,NA,NA,NA,NA,NA,NA,NA,NA,NA,NA,NA,"Department of Energy, the Philippines","Department of Energy, the Philippines  
2015-2017 National Grid Emission Factor (NGEF) 
https://www.doe.gov.ph/electric-power/2015-2017-national-grid-emission-factor-ngef"
Philippines,Luzon-Visayas Grid,NA,NA,BM,NA,NA,NA,NA,NA,NA,NA,0.59789999999999999,NA,NA,NA,NA,NA,0.40439999999999998,NA,NA,NA,NA,NA,NA,NA,NA,NA,NA,NA,NA,NA,NA
Philippines,Luzon-Visayas Grid,NA,NA,CM Avg,NA,NA,NA,NA,NA,NA,NA,0.68359999999999999,NA,NA,NA,NA,NA,0.55349999999999999,NA,NA,NA,NA,NA,NA,y,n,y,n,n,NA,NA,NA
Philippines,Luzon-Visayas Grid,NA,NA,NA,NA,NA,NA,NA,NA,NA,NA,0.59789999999999999,NA,NA,NA,NA,NA,0.50380000000000003,NA,NA,NA,NA,NA,NA,n,y,y,n,n,NA,NA,NA
Philippines,Luzon-Visayas Grid,NA,NA,NA,NA,NA,NA,NA,NA,NA,NA,NA,NA,NA,NA,NA,NA,0.4541,NA,NA,NA,NA,NA,NA,n,y,n,y,y,NA,NA,NA
Philippines,Mindanao,NA,NA,OM,NA,NA,NA,NA,NA,NA,NA,0.77969999999999995,NA,NA,NA,NA,NA,0.28639999999999999,NA,NA,NA,NA,NA,NA,NA,NA,NA,NA,NA,NA,NA,NA
Philippines,Mindanao,NA,NA,BM,NA,NA,NA,NA,NA,NA,NA,0.80449999999999999,NA,NA,NA,NA,NA,0.70569999999999999,NA,NA,NA,NA,NA,NA,NA,NA,NA,NA,NA,NA,NA,NA
Philippines,Mindanao,NA,NA,CM Avg,NA,NA,NA,NA,NA,NA,NA,0.78590000000000004,NA,NA,NA,NA,NA,0.39119999999999999,NA,NA,NA,NA,NA,NA,y,n,y,n,n,NA,NA,NA
Philippines,Mindanao,NA,NA,NA,NA,NA,NA,NA,NA,NA,NA,0.79210000000000003,NA,NA,NA,NA,NA,0.496,NA,NA,NA,NA,NA,NA,n,y,y,n,n,NA,NA,NA
Philippines,Mindanao,NA,NA,NA,NA,NA,NA,NA,NA,NA,NA,NA,NA,NA,NA,NA,NA,0.6008,NA,NA,NA,NA,NA,NA,n,y,n,y,y,NA,NA,NA
Singapore,Nationwide,Government,NA,OM,NA,0.412,0.4168,0.4085,0.4074,0.40849999999999997,0.42059999999999997,0.42099999999999999,0.42370000000000002,0.4224,0.42770000000000002,0.43880000000000002,0.4778,0.50849999999999995,0.5083,0.49730000000000002,0.4965,0.5046,0.53,0.52549999999999997,NA,NA,NA,NA,NA,NA,National Environment Agency Singapore,"Electricity Grid Emissions Factors and Upstream Fugitive Methane Emission Factor
https://www.ema.gov.sg/resources/singapore-energy-statistics/chapter2"
Singapore,Nationwide,NA,NA,BM,NA,0.394,0.4057,0.3992,0.4022,0.40129999999999999,0.40310000000000001,0.40179999999999999,0.3977,0.39410000000000001,0.40860000000000002,0.41370000000000001,0.41639999999999999,0.45779999999999998,0.4319,0.42080000000000001,0.4264,0.4352,0.42249999999999999,0.42049999999999998,NA,NA,NA,NA,NA,NA,NA,NA
Thailand,Nationwide,Government,NA,OM,NA,NA,NA,NA,NA,NA,NA,NA,0.56899999999999995,0.55889999999999995,0.58779999999999999,0.53600000000000003,0.55740000000000001,N/A,0.5796,0.60340000000000005,0.61770000000000003,0.6232,NA,NA,NA,NA,NA,NA,NA,The 2014 OM data was recalculated in 2017. The OM data of 2014 shown was published in 2017 while BM and CM values shown for the same year were published in 2015.,Thailand Greenhouse Gas Management Organization (Public Organization),"กลไกลดก๊าซเรือนกระจก (Greenhouse Gas Mitigation Mechanism)
Greenhouse gas emissions from electricity production/use (Emission Factor) for greenhouse gas reduction projects and activities (2024)
https://ghgreduction.tgo.or.th/th/download-tver/120-tver-gwp-emission-factor/3377-emission-factor-30-2565.html
"
Thailand,Nationwide,NA,NA,OM (Avg),NA,NA,0.5251,0.5143,0.5221,0.52900000000000003,0.52900000000000003,0.57189999999999996,0.57189999999999996,NA,NA,NA,NA,N/A,0.5994,0.61470000000000002,NA,NA,NA,NA,NA,NA,NA,NA,NA,NA,NA,NA
Thailand,Nationwide,NA,NA,BM,NA,NA,NA,NA,NA,NA,NA,0.56089999999999995,0.56089999999999995,NA,0.63670000000000004,NA,NA,N/A,0.4231,0.54769999999999996,NA,NA,NA,NA,NA,NA,NA,NA,NA,NA,NA,NA
Thailand,Nationwide,NA,NA,CM,NA,NA,NA,NA,NA,NA,NA,0.56640000000000001,0.56640000000000001,NA,0.5897,NA,NA,N/A,0.51125,0.58119999999999994,NA,NA,NA,NA,n,y,NA,NA,NA,NA,NA,NA
Thailand,Nationwide,NA,NA,NA,NA,NA,NA,NA,NA,NA,NA,0.56915000000000004,0.56920000000000004,NA,0.56610000000000005,NA,NA,N/A,0.5554,0.59794999999999998,NA,NA,NA,NA,y,n,NA,NA,NA,NA,NA,NA
Viet Nam,Nationwide,Government,NA,OM,NA,0.9201,NA,0.9239,0.9242,0.89070000000000005,"0.8795
0,9465",0.83360000000000001,NA,0.77769999999999995,0.71789999999999998,0.68079999999999996,0.64480000000000004,NA,0.6095,NA,NA,NA,NA,NA,NA,NA,NA,NA,NA,NA,"Department of Climate Change - Ministry of Natural Resources and Environment 
Nghiên cứu, xây dựng hệ số phát thải (EF) của lưới điện Việt Nam năm 2023
(Research and develop the emission factor (EF) of Vietnam's power grid in 2023)","2023:http://www.dcc.gov.vn/van-ban-phap-luat/1125/Nghien-cuu,-xay-dung-he-so-phat-thai-(EF)-cua-luoi-dien-Viet-Nam-nam-2023-(k%C3%A8m-CV-1726/BDKH-PTCBT).html
2021:http://www.dcc.gov.vn/van-ban-phap-luat/1102/Nghien-cuu,-xay-dung-he-so-phat-thai-(EF)-cua-luoi-dien-Viet-Nam-nam-2021-(k%C3%A8m-CV-1278/BDKH-TTBVTOD).html
2020:http://www.dcc.gov.vn/van-ban-phap-luat/1081/Nghien-cuu,-xay-dung-he-so-phat-thai-(EF)-cua-luoi-dien-Viet-Nam-nam-2020-(k%C3%A8m-CV-1316/BDKH-TTBVTOD).html
2019: http://www.dcc.gov.vn/van-ban-phap-luat/1067/Nghien-cuu,-xay-dung-he-so-phat-thai-(EF)-cua-luoi-dien-Viet-Nam-nam-2019-(k%C3%A8m-CV-116/BDKH-TTBVTOD).html
2018:http://www.dcc.gov.vn/tin-tuc/3620/He-so-phat-thai-cua-luoi-dien-Viet-Nam-nam-2018.html"
Viet Nam,Nationwide,NA,NA,BM,NA,0.3983,NA,0.5202,0.684,0.80100000000000005,0.94650000000000001,0.89610000000000001,NA,0.85309999999999997,0.60440000000000005,0.45050000000000001,0.4758,NA,0.4722,NA,NA,NA,NA,NA,NA,NA,NA,NA,NA,NA,NA,NA
Viet Nam,Nationwide,NA,NA,CM,NA,0.6592,NA,0.7221,0.8041,0.8458,0.91300000000000003,0.8649,NA,0.81540000000000001,0.66120000000000001,0.56569999999999998,0.56030000000000002,NA,0.5408,NA,NA,NA,NA,NA,NA,NA,NA,NA,NA,NA,NA,NA
